hand,score
22226789,667
22227789,661
22226689,657
22225555,653
22225589,641
22225789,639
22225689,637
22224789,634
22224444,633
22224689,632
22224489,631
22223789,629
22223689,627
22224589,624
22223389,621
22223589,619
22226677,619
22226779,619
22226679,617
22223489,614
12222789,614
22226778,614
22223333,613
12222689,612
22226678,612
12222589,604
22225559,603
12222489,599
22225677,599
22225558,598
22225679,597
22225667,597
22224677,594
12222389,594
22225557,593
22225678,592
22224667,592
22224679,592
11222289,591
22225556,591
22225779,591
22225567,589
22223677,589
22224449,588
22225669,587
22223667,587
22224678,587
22223679,587
22224779,586
22225778,586
22224448,583
22225577,583
22225668,582
22224669,582
22223678,582
22223779,581
22225579,581
22224778,581
22225569,579
22225566,579
22224467,579
22224447,578
11112222,578
22224555,578
22224668,577
22223669,577
22225578,576
22223778,576
22224446,576
12222677,574
22225568,574
22223339,573
22224477,573
22223555,573
12222679,572
22223668,572
22224567,572
12222667,572
22224479,571
22223367,569
22224466,569
22224469,569
22224445,568
22223338,568
22223567,567
12222678,567
22224559,566
12222779,566
22224577,566
22224478,566
22224579,564
22224468,564
22223337,563
22223377,563
22223467,562
22224566,562
12222669,562
22224569,562
22224558,561
12222778,561
22223379,561
22223336,561
22223559,561
22224459,561
22223577,561
22223579,559
22224578,559
22223366,559
22223369,559
12222555,558
22223444,558
12222668,557
22223569,557
22224568,557
22223566,557
22223378,556
22223558,556
22224458,556
22223477,556
22224557,556
22223578,554
22223368,554
22223479,554
22224556,554
22223335,553
22224455,553
22223466,552
22223469,552
22223568,552
12222567,552
22223359,551
22223557,551
22224457,551
22223449,551
22223478,549
22224456,549
22223556,549
22223334,548
22223468,547
12222467,547
22223349,546
22223448,546
12222559,546
22223358,546
12222577,546
12222579,544
22223459,544
12222444,543
22223355,543
12222566,542
12222367,542
12222569,542
12222558,541
22223447,541
12222477,541
22223357,541
22223348,541
12222578,539
12222479,539
11222267,539
22223458,539
22223446,539
22223356,539
12222466,537
12222568,537
12222469,537
12222449,536
12222377,536
22223455,536
22223347,536
12222557,536
22223457,534
12222379,534
22223346,534
12222556,534
12222478,534
22223344,533
11222277,533
22223456,532
12222369,532
12222468,532
12222366,532
12222448,531
11222279,531
22223445,531
12222378,529
11222269,529
11222266,529
12222459,529
12222333,528
11122229,528
12222368,527
12222339,526
11222278,526
22223345,526
12222447,526
12222359,524
12222458,524
11222268,524
12222446,524
11122228,523
12222338,521
11222259,521
12222455,521
12222358,519
12222457,519
12222349,519
11122227,518
12222456,517
11122226,516
12222355,516
12222445,516
12222337,516
11222258,516
11222249,516
12222336,514
12222357,514
12222348,514
11222255,513
12222356,512
11222248,511
11222239,511
11222257,511
11222256,509
12222347,509
11122225,508
12222346,507
11222247,506
12222335,506
12222344,506
11222238,506
22267789,504
11222246,504
11122224,503
11222244,503
22266789,502
12222334,501
11222237,501
12222345,499
11222236,499
11122223,498
11222245,496
11222233,493
11222235,491
22255589,488
22255559,488
11222234,486
22255558,483
22256789,482
55556789,482
22255557,478
22246789,477
55557789,476
22257789,476
22255556,476
22244489,473
22256689,472
55556689,472
22236789,472
22555589,471
22247789,471
22244449,468
22246689,467
22255789,466
22237789,466
22255689,464
22245555,463
22244448,463
22236689,462
44446789,462
22244447,458
22233389,458
22235555,458
12226789,457
22244446,456
22244789,456
44447789,456
22244689,454
22266779,454
44446689,452
22245589,451
22444489,451
12227789,451
45555789,449
22266778,449
22245789,449
25555789,449
22233339,448
22244445,448
44445555,448
12226689,447
25555689,447
45555689,447
22245689,447
22233789,446
22235589,446
22244589,446
44555589,446
22233689,444
22235789,444
35555789,444
22233338,443
12225555,443
33336789,442
22235689,442
35555689,442
22234789,439
22233337,438
22234444,438
22667789,437
22234689,437
22255567,436
22233336,436
22233589,436
22234489,436
44445589,436
33555589,436
33337789,436
55556677,434
55556779,434
24555589,434
22256677,434
55567789,434
22256779,434
44445789,434
22256679,432
55566789,432
55556679,432
33336689,432
44445689,432
12225589,431
22333389,431
22233489,431
22255577,430
22246779,429
22256778,429
23555589,429
34555589,429
22246677,429
15555789,429
55556778,429
22234589,429
24444789,429
12225789,429
33335555,428
22233335,428
22255579,428
22246679,427
12225689,427
22256678,427
55556678,427
15555689,427
24444689,427
22255566,426
22255677,426
22255569,426
22236779,424
22236677,424
12224789,424
34444789,424
22255679,424
22255667,424
22246778,424
12224444,423
22233334,423
22255578,423
12224689,422
22236679,422
22246678,422
55667789,422
34444689,422
12224489,421
22244467,421
22255568,421
22255678,419
22555567,419
12223789,419
44467789,419
22236778,419
24444589,419
22255779,418
44466789,417
22567789,417
22236678,417
12223689,417
33335589,416
11222789,416
22244677,416
33444489,416
22566789,415
22244477,415
44446779,414
22244667,414
11222689,414
33335789,414
44446677,414
12555589,414
22244679,414
22255669,414
14555589,414
12224589,414
34444589,414
22555577,413
22255778,413
22245559,413
22244479,413
11112229,413
11122289,413
44446679,412
22467789,412
33335689,412
44667789,412
22244466,411
12223389,411
22244469,411
22555579,411
22555789,411
22466789,410
33334789,409
12226677,409
22555689,409
14444789,409
13555589,409
23444489,409
25555677,409
22255668,409
23333789,409
22245677,409
12226779,409
22555569,409
12223589,409
44446778,409
22555566,409
45555677,409
22244678,409
22245558,408
22244779,408
22235559,408
33334444,408
22244478,408
11112228,408
33334689,407
14444689,407
11116789,407
23333689,407
45555667,407
22556789,407
25556789,407
45556789,407
12226679,407
25555667,407
22367789,407
25555679,407
44446678,407
22245667,407
22245679,407
45555679,407
22233367,406
22244468,406
22233677,406
11555589,406
11222589,406
22555578,406
33334489,406
25667789,405
22366789,405
45667789,405
12226778,404
22235677,404
33367789,404
12223489,404
22555568,404
22244669,404
35555677,404
22233667,404
22233679,404
44455589,403
22244459,403
22235558,403
22245557,403
11112227,403
22244778,403
12223333,403
44455559,403
22235667,402
25555678,402
12226678,402
45555678,402
35555679,402
22235679,402
35556789,402
33667789,402
33366789,402
22245678,402
35555667,402
22245556,401
11117789,401
11222489,401
45557789,401
11112226,401
22245779,401
25555779,401
22557789,401
25557789,401
45555779,401
22233377,400
24667789,400
35667789,400
22244555,400
14444589,399
22233678,399
33334589,399
22234677,399
23333589,399
22245567,399
22244668,399
22444467,399
44455558,398
22233779,398
22244458,398
22235557,398
44445559,398
22233379,398
45567789,397
45555669,397
11116689,397
22245669,397
22234679,397
22234667,397
25555669,397
25556689,397
22556689,397
25567789,397
44456789,397
22235678,397
35555678,397
45556689,397
22446789,397
11222389,396
22455559,396
22235779,396
22455589,396
22444789,396
22245778,396
11112289,396
35555779,396
35557789,396
22233366,396
25555778,396
22233369,396
22235556,396
45555778,396
25566789,395
22244455,395
23667789,395
45566789,395
34667789,395
22233669,394
44555567,394
22235567,394
12444489,394
23333489,394
22444689,394
33336779,394
22244567,394
44445677,394
33336677,394
22233378,393
22244457,393
44445558,393
44455557,393
11115555,393
22234449,393
22233778,393
12225559,393
11112225,393
22245577,393
22444477,393
35567789,392
12267789,392
24446789,392
44445679,392
22234678,392
44445667,392
35556689,392
35555669,392
33336679,392
45555668,392
25555668,392
44567789,392
22245668,392
22235669,392
22245579,391
22455558,391
35555778,391
22444479,391
22355559,391
22447789,391
22355589,391
44455556,391
22234779,391
44457789,391
22244456,391
22235778,391
22233368,391
22456789,390
35566789,390
44566789,390
22233555,390
12266789,390
13333789,389
22245566,389
22444466,389
13444489,389
15555677,389
22444469,389
22233668,389
33336778,389
12225677,389
22245569,389
24444677,389
12225558,388
22244559,388
22234448,388
44445557,388
33355559,388
44555577,388
33355589,388
11112224,388
22244577,388
22233359,388
22235577,388
24467789,387
15555679,387
22446689,387
12225667,387
35555668,387
24444679,387
24444667,387
15555667,387
13333689,387
22235668,387
22336789,387
44445678,387
34446789,387
12225679,387
33336678,387
22234669,387
44456689,387
15556789,387
44555789,386
22245578,386
22244579,386
24447789,386
22444589,386
22444478,386
11444489,386
22235579,386
44555579,386
44445779,386
22234778,386
22455557,386
44445556,386
22355558,386
15667789,385
24466789,385
22356789,385
22235569,384
44555566,384
22235566,384
22455556,384
22457789,384
22245568,384
55566779,384
12224677,384
33555567,384
22444468,384
22234467,384
44555689,384
44555569,384
34444677,384
44445567,384
22244569,384
22244566,384
22233567,384
33355558,383
22233358,383
11112223,383
22233349,383
12225557,383
22445555,383
22244558,383
22234447,383
22234555,383
34444679,382
33567789,382
34444667,382
34467789,382
22234668,382
24444678,382
12225678,382
44445669,382
44556789,382
24446689,382
15555678,382
33356789,382
24555567,382
12224667,382
12224679,382
11115589,381
34447789,381
44455789,381
15557789,381
22333789,381
22355557,381
22337789,381
15555779,381
12225779,381
44445778,381
22444459,381
22235578,381
12225556,381
22234446,381
24444779,381
22244578,381
44555578,381
22233355,380
14667789,380
22456689,380
22346789,380
12667789,380
33566789,380
34466789,380
24567789,380
22355556,379
22333689,379
22235568,379
11115789,379
44555568,379
12223677,379
22333367,379
22233467,379
22357789,379
55566778,379
44455689,379
13333589,379
22244568,379
12225567,379
24566789,378
12224449,378
22234477,378
22233577,378
22244557,378
22233357,378
22233559,378
33355557,378
33555577,378
33335559,378
22233348,378
44445577,378
24445555,378
15556689,377
15567789,377
12225669,377
23367789,377
33346789,377
34446689,377
11115689,377
44445668,377
34444678,377
33467789,377
24444669,377
12223679,377
22336689,377
12224678,377
34555567,377
15555669,377
23555567,377
12223667,377
23336789,377
22234567,377
33357789,376
33555789,376
24555577,376
44445579,376
33555579,376
22233579,376
12255589,376
22244556,376
34444779,376
22344489,376
22444458,376
44557789,376
12225778,376
22234479,376
12224779,376
15555778,376
33355556,376
22233356,376
11222677,376
12255559,376
24444778,376
34567789,375
22233444,375
23366789,375
23567789,375
33466789,375
22356689,375
13667789,375
15566789,375
44445569,374
22234466,374
24555789,374
24555579,374
11114789,374
22234469,374
33335677,374
33555689,374
33555569,374
12333389,374
22347789,374
11222679,374
22455789,374
11222667,374
33555566,374
22233566,374
44445566,374
13333489,374
22233569,374
11112789,374
12225577,373
33344489,373
22335555,373
33335558,373
22333377,373
22444455,373
11114444,373
12224448,373
22234445,373
22233558,373
22233477,373
34566789,373
34445555,373
22233347,373
23566789,373
24444555,373
33335679,372
33356689,372
15555668,372
11112689,372
33335667,372
44556689,372
22455689,372
14446789,372
12223678,372
33556789,372
24555566,372
24555569,372
12225668,372
11667789,372
24555689,372
24444668,372
11114689,372
34444669,372
12224669,372
34444778,371
23555577,371
23337789,371
12255558,371
22333589,371
22233346,371
24455559,371
22333379,371
24455589,371
22344449,371
22555677,371
12224778,371
12225579,371
22234577,371
34555577,371
22444457,371
22234478,371
33555578,371
44445578,371
22445589,371
22233578,371
22233479,371
22234559,371
33347789,371
11114489,371
12223779,371
23467789,370
22346689,370
12256789,370
24556789,370
22233344,370
22333366,369
22234468,369
22555679,369
23555789,369
22233469,369
12224467,369
44466779,369
12225569,369
23333677,369
12225566,369
44445568,369
22444456,369
11113789,369
34555789,369
22333369,369
34555579,369
24555578,369
14444677,369
11222678,369
22555667,369
33555568,369
22233466,369
22355789,369
23555579,369
22233568,369
22234579,369
33334677,369
22445789,369
33335557,368
22233449,368
11222779,368
22233557,368
12224555,368
23466789,368
34444555,368
12224447,368
33344449,368
12224668,367
23333667,367
33346689,367
23333679,367
12223669,367
23336689,367
22445689,367
22566779,367
22355689,367
33334667,367
34555689,367
14444679,367
24444567,367
33334679,367
34444668,367
33335678,367
23555569,367
23555566,367
11113689,367
14467789,367
22234569,367
22234566,367
34555566,367
24555568,367
14444667,367
34555569,367
23555689,367
12223778,366
22234558,366
24455558,366
14447789,366
22233478,366
22234459,366
33557789,366
33355789,366
22233556,366
12224446,366
33335556,366
34455559,366
34455589,366
33335779,366
22333378,366
22345555,366
12255557,366
24445589,366
22333489,366
12225578,366
22344448,366
11333389,366
34556789,365
12246789,365
24456789,365
14466789,365
23556789,365
22555678,364
44466778,364
22233468,364
33444467,364
24445789,364
11112589,364
33355689,364
23555578,364
22333368,364
34555578,364
11222669,364
33335567,364
24557789,364
11114589,364
12225568,364
22234578,364
12255556,364
12257789,364
33344448,363
22233345,363
33334449,363
11222778,363
12223339,363
12223555,363
23335555,363
22555779,363
22233448,363
12224477,363
33345555,363
34444567,362
22566778,362
33335669,362
34555568,362
23333678,362
24445689,362
33446789,362
14444678,362
12555567,362
33334678,362
12224567,362
22466779,362
33556689,362
14555567,362
12223668,362
23555568,362
22234568,362
14446689,362
22233459,361
22234458,361
33455559,361
33455589,361
14444779,361
11113389,361
22234557,361
12244489,361
22335589,361
22344447,361
34455558,361
12224479,361
34445589,361
11122267,361
22333359,361
33444789,361
23355559,361
33335778,361
24455557,361
24444559,361
23355589,361
24444577,361
23333779,361
33334779,361
12236789,360
34456789,360
12567789,360
12256689,360
11222555,360
14567789,360
24556689,360
12247789,359
34557789,359
22556779,359
22556677,359
24444579,359
24457789,359
22344789,359
11113589,359
22344446,359
24455556,359
12224466,359
11116677,359
23557789,359
12223367,359
11222668,359
45556779,359
22234556,359
22555669,359
45556677,359
25556779,359
12224469,359
34445789,359
25556677,359
11116779,359
22335789,359
11112489,359
33444689,359
11167789,359
33334448,358
12566789,358
14445555,358
33444477,358
12224445,358
33335577,358
14566789,358
12223338,358
33344447,358
22233447,358
22555778,358
22234455,358
13336789,357
23444467,357
11116679,357
25556679,357
22344689,357
34445689,357
11166789,357
22366779,357
13367789,357
33334669,357
45556679,357
22335689,357
12223567,357
24444569,357
24444566,357
33335668,357
13555567,357
14444669,357
11226789,357
22466778,357
23333669,357
22556679,357
14555577,356
22233446,356
14444778,356
33334778,356
12224478,356
23333778,356
22233458,356
22234457,356
12555577,356
33344446,356
12244449,356
34444577,356
34444559,356
12224559,356
12224577,356
33335579,356
33444479,356
33344789,356
34455557,356
24444558,356
33455558,356
33447789,356
22444677,356
22333358,356
22333349,356
23355558,356
12246689,355
23446789,355
33456789,355
13567789,355
23556689,355
23356789,355
34556689,355
24456689,355
13366789,355
11122277,355
12467789,355
33335566,354
24444578,354
12224468,354
23455559,354
23455589,354
22234456,354
23444789,354
34444579,354
22334789,354
12224579,354
34455556,354
34457789,354
33344689,354
12237789,354
12555579,354
33335569,354
35556677,354
35556779,354
11222567,354
22345589,354
12255789,354
14555789,354
14555579,354
12555789,354
11112389,354
11113489,354
11116778,354
25556778,354
33334467,354
45556778,354
22555668,354
33366779,354
11555567,354
33444469,354
33444466,354
22556778,354
22444679,354
22444667,354
11122279,353
22334444,353
11113333,353
12223377,353
33334555,353
23333555,353
22333355,353
22233455,353
33334447,353
12223337,353
13566789,353
14444555,353
12466789,353
11567789,352
14555566,352
14555569,352
23444689,352
33334668,352
23333668,352
35556679,352
12255689,352
22556678,352
34444566,352
34444569,352
11116678,352
45556678,352
12224569,352
24444568,352
14444668,352
12555689,352
14555689,352
12555569,352
12555566,352
12223467,352
33446689,352
25556678,352
22366778,352
22334689,352
22345789,352
12224566,352
33335578,351
33455557,351
13555577,351
12223379,351
11227789,351
33444589,351
34444558,351
22344445,351
22333348,351
22333357,351
44455567,351
12223336,351
33444478,351
24444557,351
13337789,351
23444477,351
22334489,351
11122266,351
11122269,351
23355557,351
33334446,351
33345589,351
12244448,351
12245555,351
14455559,351
14455589,351
12223577,351
12224459,351
23335589,351
12223559,351
12224558,351
22233457,351
12556789,350
11566789,350
12236689,350
12367789,350
23346789,350
14556789,350
13467789,350
22345689,350
34456689,350
33444468,349
14555578,349
12224578,349
44456677,349
23355556,349
33457789,349
23357789,349
11222467,349
24455789,349
35556778,349
33335568,349
23447789,349
12223579,349
23335789,349
23444479,349
34444578,349
13333677,349
24444556,349
33455556,349
12555578,349
12223369,349
13555789,349
22344589,349
12223366,349
33345789,349
22233456,349
44456779,349
22446779,349
13555579,349
33366778,349
23455558,349
22444678,349
22333356,349
22446677,349
11555577,348
12366789,348
33344445,348
33334477,348
22233445,348
23456789,348
13466789,348
12223444,348
11122278,348
11222577,348
11222559,348
22444779,348
33445555,348
12223566,347
12223569,347
13336689,347
44456679,347
23444469,347
12224568,347
12555568,347
23444466,347
33345689,347
45566779,347
13333667,347
23335689,347
25566779,347
13555569,347
24455689,347
13555566,347
14555568,347
14444567,347
11226689,347
33334567,347
11467789,347
23333567,347
22446679,347
35556678,347
11267789,347
34444568,347
13555689,347
13333679,347
34444557,346
11122268,346
11222579,346
12224458,346
14455558,346
12223378,346
11555789,346
14445589,346
44555677,346
12244447,346
23344489,346
12223558,346
33444459,346
33334479,346
33344589,346
12223477,346
22333347,346
12224557,346
12233389,346
12235555,346
11555579,346
11266789,345
11222444,345
23446689,345
23356689,345
13556789,345
11466789,345
14456789,345
33456689,345
44455577,345
44555679,344
14445789,344
44456778,344
14557789,344
24446677,344
24446779,344
23347789,344
13555578,344
22333346,344
44555667,344
34455789,344
12223578,344
23444478,344
34444556,344
33334466,344
11555569,344
33334469,344
11112267,344
22334589,344
23444589,344
11555566,344
11555689,344
11222367,344
11222566,344
12223368,344
11222569,344
12244446,344
12557789,344
12224556,344
23455557,344
22444669,344
23334789,344
12223479,344
22446778,344
12244789,344
22455567,344
22444778,343
22333344,343
23334444,343
11222558,343
11115559,343
44455579,343
12223335,343
12224455,343
11225555,343
11222477,343
11155589,343
33334445,343
11155559,343
13335555,343
11122259,343
22456779,342
34455689,342
12223568,342
35566779,342
13333678,342
14445689,342
13555568,342
24446679,342
11556789,342
23334689,342
12444467,342
25566778,342
12223466,342
12244689,342
12266779,342
11367789,342
23457789,342
12223469,342
23444468,342
45566778,342
44456678,342
23333467,342
22456677,342
22446678,342
44566779,342
23455556,342
12223449,341
12224457,341
44455566,341
33334478,341
23334489,341
33334577,341
14444559,341
23333559,341
33334559,341
14444577,341
44455677,341
44455569,341
11222578,341
33444458,341
12223359,341
23333577,341
23344449,341
13333779,341
12223557,341
13355589,341
13355559,341
11222479,341
22333677,341
11555578,341
23445555,341
14455557,341
22444555,340
11366789,340
23346689,340
14556689,340
12446789,340
12556689,340
22456679,340
14455556,339
12245589,339
14457789,339
15556677,339
23444459,339
22355567,339
22333679,339
22444668,339
12224456,339
33334468,339
13557789,339
12223556,339
12444789,339
11115677,339
34446779,339
34446677,339
11555568,339
23355789,339
22336677,339
22336779,339
11222466,339
23333579,339
11222469,339
33334579,339
11222568,339
12455559,339
12455589,339
44455667,339
24446778,339
44555678,339
15556779,339
14444579,339
44455679,339
33455789,339
12223478,339
22333667,339
23456689,338
44555779,338
23333444,338
11122249,338
11112277,338
11122258,338
12223334,338
11222557,338
11155558,338
33444455,338
11222449,338
22455577,338
11115558,338
44455578,338
11222377,338
11115667,337
11115679,337
22336679,337
12266778,337
33334569,337
44566778,337
13333669,337
33334566,337
34446679,337
12444689,337
13444467,337
23355689,337
14444566,337
12245789,337
22356779,337
24466779,337
23333569,337
15556679,337
22356677,337
14444569,337
33455689,337
23333566,337
11156789,337
22456778,337
24446678,337
35566778,337
12223468,337
12244445,336
11222556,336
33355567,336
33445589,336
33334558,336
33555677,336
11222478,336
12223358,336
11222379,336
12233339,336
23333477,336
23333558,336
23344448,336
12223349,336
12223448,336
13355558,336
13333778,336
44455568,336
11112279,336
23345555,336
33334459,336
22455579,336
33444457,336
14444558,336
11557789,336
22333345,336
11122789,336
12444477,336
13446789,335
11122255,335
13556689,335
13356789,335
12245689,335
22456678,335
22356679,335
14456689,335
12244589,334
13455589,334
12355589,334
12235589,334
12233789,334
15556778,334
14444578,334
11444467,334
44555669,334
44455678,334
13455559,334
11114677,334
13444789,334
12223459,334
12355559,334
33356677,334
12447789,334
12455558,334
34446778,334
33356779,334
33444456,334
44556779,334
11222366,334
11122689,334
11222369,334
33334578,334
11222468,334
44556677,334
24555677,334
12444479,334
23333578,334
23333479,334
22444567,334
22455677,334
33445789,334
22455569,334
22455566,334
23334589,334
23444458,334
33555667,334
11112266,334
22336778,334
11112677,334
22333678,334
33555679,334
11112269,334
12223355,333
11122257,333
11222448,333
13333555,333
11122239,333
22355577,333
11155557,333
11122248,333
11115557,333
44455779,333
22445559,333
22333779,333
44555778,333
12456789,333
11112679,332
11556689,332
22346677,332
34466779,332
33445689,332
34446678,332
11112667,332
33566779,332
11126789,332
12233689,332
23333568,332
15556678,332
22455679,332
11114679,332
13444689,332
12235789,332
11114667,332
24555667,332
33356679,332
22336678,332
14444568,332
24555679,332
22346779,332
23333466,332
11446789,332
23333469,332
33334568,332
13333668,332
44556679,332
11146789,332
22455667,332
11115678,332
24466778,332
23455789,332
22356778,332
12444469,332
12444466,332
33334458,331
12223348,331
12223357,331
23333557,331
33334557,331
11444789,331
11115556,331
11155556,331
23444455,331
11112278,331
14444557,331
11255559,331
22455578,331
23333449,331
12233338,331
11255589,331
11115779,331
13335589,331
22355579,331
13355557,331
11157789,331
12223447,331
11222459,331
11455559,331
11222378,331
11455589,331
13444477,331
11122256,331
11225589,331
23344447,331
13346789,330
12235689,330
12446689,330
24566779,330
12336789,330
22356678,330
23455689,330
33355577,330
11222333,330
22346679,330
13455558,329
11225789,329
12355558,329
44555668,329
23444457,329
12444589,329
22333669,329
13357789,329
12223458,329
13444479,329
23344789,329
22455568,329
22355677,329
11115567,329
44455669,329
23333478,329
12444478,329
14444556,329
12223446,329
14455789,329
34555677,329
33356778,329
13447789,329
23336779,329
12455557,329
11113677,329
33346779,329
13355556,329
13335789,329
12223356,329
44556778,329
22445677,329
11222368,329
33334556,329
23336677,329
11112268,329
33346677,329
22355566,329
23445589,329
23344446,329
23333556,329
23555677,329
22355569,329
11444689,329
33555678,329
33355579,328
22444577,328
13456789,328
11222339,328
11144489,328
11222447,328
33334455,328
11114449,328
11444477,328
11122238,328
22333778,328
12356789,328
33555779,328
11122247,328
24445559,328
22444559,328
44455778,328
22445558,328
23333468,327
22455678,327
11113667,327
33466779,327
22355667,327
44556678,327
12457789,327
15566779,327
13335689,327
13444469,327
12455556,327
11113679,327
33356678,327
11136789,327
34466778,327
33346679,327
22445679,327
23336679,327
22445667,327
23555679,327
11225689,327
11156689,327
13333567,327
11114678,327
23555667,327
23444456,327
12234789,327
33566778,327
23344689,327
23366779,327
22355679,327
13444466,327
34555667,327
11112678,327
34555679,327
14455689,327
24555678,327
11115669,327
12444468,327
22346778,327
23445789,327
11122246,326
12233337,326
33334457,326
11355589,326
11122589,326
23333448,326
11355559,326
22455779,326
24555779,326
22444579,326
33355677,326
11447789,326
11455558,326
11444479,326
12223455,326
11222458,326
11222446,326
33355569,326
11222359,326
33355566,326
11112259,326
11127789,326
12223347,326
11112779,326
11115778,326
12234444,326
12445555,326
22355578,326
11114779,326
11147789,326
13344489,326
11255558,326
23445689,325
24566778,325
22346678,325
13446689,325
11256789,325
11456789,325
13356689,325
23566779,325
34566779,325
12234689,325
11122244,325
22333555,325
13455557,324
44455668,324
13347789,324
12223457,324
33346778,324
13334789,324
14446779,324
13444478,324
33355667,324
22444566,324
12223346,324
14446677,324
22444569,324
33355679,324
13444589,324
12234489,324
33556779,324
33334456,324
12337789,324
23336778,324
12233589,324
23333459,324
24445677,324
12444459,324
11224789,324
11444469,324
12333789,324
33556677,324
12355557,324
22344467,324
22355568,324
12233336,324
33555669,324
22333668,324
11444466,324
12255567,324
23345589,324
11114448,323
11115577,323
33555778,323
33355578,323
11144449,323
13334444,323
22445557,323
24445558,323
22444558,323
12223344,323
12346789,323
22335559,323
11224444,323
11222338,323
34445559,323
11222455,323
12456689,323
11122237,323
13457789,322
11146689,322
34555678,322
12357789,322
11224689,322
33556679,322
22445678,322
12223456,322
23345789,322
23366778,322
13444468,322
13333467,322
23336678,322
24556677,322
12355556,322
14446679,322
11114669,322
12256677,322
12333367,322
11115668,322
24555669,322
24556779,322
11126689,322
11113678,322
11112669,322
33346678,322
15566778,322
33466778,322
22455669,322
11336789,322
13334689,322
13455556,322
23555678,322
24445679,322
24445667,322
22355678,322
12333689,322
11446689,322
12256779,322
11112258,321
11222349,321
13334489,321
24555778,321
12223445,321
33355568,321
22445779,321
11222358,321
11222457,321
11112778,321
23344445,321
11224489,321
33444677,321
11122489,321
11113779,321
22444578,321
33344467,321
23333447,321
13333577,321
13333559,321
13445555,321
11122236,321
11355558,321
22355779,321
22455778,321
11155789,321
13344449,321
11137789,321
11255557,321
23555779,321
22445556,321
11115579,321
11112249,321
11455557,321
11444589,321
11114778,321
11444478,321
34555779,321
23466779,320
13346689,320
12256679,320
12336689,320
11246789,320
34566778,320
23566778,320
11356789,320
24556679,320
23345689,320
13333579,319
11257789,319
11115569,319
13355789,319
11455556,319
22333567,319
11255556,319
12444458,319
33444679,319
11223789,319
14446778,319
22444568,319
23333458,319
11115566,319
33444667,319
12233489,319
23333446,319
24455567,319
22344677,319
22445567,319
22335677,319
11114467,319
33355678,319
11222456,319
11457789,319
33556778,319
12344489,319
34445677,319
13444459,319
11444468,319
11155689,319
33555668,319
23344589,319
11144448,318
11114447,318
11114555,318
11222445,318
12255577,318
11122245,318
22444557,318
11222355,318
11145555,318
13333444,318
11222337,318
11125555,318
12356689,318
22344477,318
22335558,318
11112555,318
11445555,318
11112255,318
24445557,318
34445558,318
13456689,318
33355779,318
24556778,317
13333569,317
24456677,317
12234589,317
22335667,317
34445679,317
23555669,317
22445669,317
34556677,317
13355689,317
12455789,317
14446678,317
11112668,317
13333566,317
11114668,317
24555668,317
33556678,317
34555669,317
24456779,317
12246677,317
11223689,317
22335679,317
14466779,317
34445667,317
23556779,317
12246779,317
22455668,317
22344667,317
11113669,317
22344679,317
23556677,317
12256778,317
24445678,317
12347789,317
11136689,317
34556779,317
22355669,317
23333455,316
24445779,316
13344448,316
11337789,316
24445556,316
11333789,316
11355557,316
13345555,316
12255579,316
34555778,316
11112248,316
12444455,316
12333377,316
12223345,316
22344479,316
22345559,316
11115578,316
22444556,316
22355778,316
13333477,316
11114446,316
11113778,316
11122389,316
23555778,316
33344677,316
11222357,316
11444459,316
11222348,316
12335555,316
11222336,316
13333558,316
11112257,316
12233335,316
11244489,316
11112239,316
22445778,316
33344477,315
23556679,315
11236789,315
12256678,315
11122233,315
24456679,315
12246679,315
24556678,315
34556679,315
12455689,315
23466778,315
11456689,315
11346789,315
11256689,315
12445589,314
12333589,314
12555677,314
33444678,314
11357789,314
13333479,314
13334589,314
33344667,314
22333467,314
11333689,314
12255566,314
11355556,314
11224589,314
13333578,314
14555677,314
23444677,314
24445567,314
33344679,314
11333367,314
13444458,314
11112256,314
22344469,314
11222356,314
11247789,314
33446779,314
12444457,314
12255569,314
12255677,314
22334677,314
34455567,314
33446677,314
11115568,314
33355669,314
23333457,314
22344466,314
12333379,314
12344449,314
33345559,313
11113555,313
22333577,313
12346689,313
22445577,313
11122235,313
33444779,313
11114477,313
33344479,313
22333559,313
23335559,313
11135555,313
11133389,313
11113339,313
11144447,313
34445557,313
22335557,313
24455577,313
33355778,313
23444667,312
14466778,312
23444679,312
12246778,312
14555667,312
22335678,312
34445678,312
23556778,312
23555668,312
22344678,312
13333568,312
22334679,312
23333456,312
12445789,312
24445669,312
11336689,312
34556778,312
12444456,312
34555668,312
12355789,312
12555667,312
12555679,312
34456779,312
22334667,312
34456677,312
13333469,312
12236677,312
12236779,312
14555679,312
13333466,312
22355668,312
24456778,312
12255667,312
33446679,312
22445668,312
12333366,312
12255679,312
11114567,312
11112567,312
13455789,312
12333369,312
22345677,312
11113668,312
12233334,311
11444458,311
13333557,311
22335779,311
33344466,311
22345558,311
22445579,311
11344489,311
11112247,311
13344447,311
11144789,311
12255578,311
11144446,311
22335556,311
11114479,311
24455579,311
13444455,311
11244449,311
22344478,311
11223389,311
13333449,311
34445779,311
11112238,311
34445556,311
22333579,311
33344469,311
23333445,311
11222347,311
24445778,311
22344779,311
14566779,310
24456678,310
11246689,310
12246678,310
23556678,310
34456679,310
34556678,310
12445689,310
12566779,310
22345679,310
11356689,310
13455689,310
12236679,310
12355689,310
22333444,310
22345667,310
13336677,309
11237789,309
13344789,309
22344468,309
11112246,309
33444669,309
33345677,309
33455567,309
22333566,309
13555677,309
13336779,309
11144689,309
24455677,309
11223589,309
11113367,309
11347789,309
12333489,309
33344678,309
12344448,309
12333378,309
13445589,309
11455789,309
11226677,309
23355567,309
34445567,309
33355668,309
11255789,309
22445569,309
13333556,309
13444457,309
13333478,309
24455566,309
33446778,309
12255568,309
11114466,309
23335677,309
22333569,309
12244467,309
11226779,309
11222346,309
11166779,309
22445566,309
13344446,309
11114469,309
24455569,309
12345555,309
22335567,309
14445559,308
11114445,308
11335555,308
24445577,308
11113338,308
33444778,308
23335558,308
11444455,308
22333558,308
22333477,308
33344478,308
33344779,308
11222344,308
33345558,308
11222335,308
11112244,308
11122234,308
22334449,308
11333377,308
34455577,308
13555667,307
33345679,307
23356779,307
22344669,307
23444678,307
33456779,307
33446678,307
23335667,307
23446677,307
11113567,307
34456778,307
13445789,307
22334678,307
13444456,307
12236778,307
23356677,307
12255678,307
13366779,307
13555679,307
11255689,307
34445669,307
12333368,307
24445668,307
13344689,307
22335669,307
11455689,307
23446779,307
11112467,307
24455679,307
13336679,307
33345667,307
13333468,307
11226679,307
12555678,307
23335679,307
14555678,307
24455667,307
33456677,307
11145589,306
22334779,306
11245555,306
11555677,306
11114577,306
34455579,306
11114559,306
11445589,306
12555779,306
22344459,306
11444457,306
11114478,306
13333448,306
11112577,306
24455578,306
34445778,306
14555779,306
22445578,306
22335778,306
23444779,306
33344468,306
22333578,306
12255779,306
11112237,306
22333479,306
11344449,306
11244448,306
22345557,306
11333589,306
22344778,306
11125589,306
24445579,306
11112559,306
11333379,306
12236678,305
34456678,305
33444555,305
14566778,305
23356679,305
13566779,305
11236689,305
12466779,305
13445689,305
33456679,305
23446679,305
22345678,305
12566778,305
11346689,305
24455568,304
33444668,304
12244677,304
13333459,304
34455677,304
22333466,304
22445568,304
34455566,304
11166778,304
12344447,304
11114468,304
11445789,304
34455569,304
11444456,304
22345556,304
11555679,304
23334677,304
11125789,304
24445569,304
11223489,304
24445566,304
13345589,304
11226778,304
11114579,304
11555667,304
12333359,304
11112579,304
11333369,304
14445677,304
12335589,304
11333366,304
22333568,304
11355789,304
33344669,304
13336778,304
22333469,304
11112236,304
11145789,304
22345779,304
12244477,303
22333557,303
11222334,303
11223333,303
22335577,303
33344459,303
34445577,303
33455577,303
33345557,303
23355577,303
33344778,303
11113337,303
22334448,303
11113377,303
11112444,303
22344555,303
11144445,303
11133339,303
22333449,303
14445558,303
23335557,303
14445679,302
13366778,302
11445689,302
23444669,302
11112566,302
14555669,302
12335789,302
11566779,302
34445668,302
23446778,302
11112367,302
12344446,302
24455678,302
22344668,302
23346677,302
11226678,302
11355689,302
23334679,302
34455667,302
12255669,302
34455679,302
22334669,302
12555669,302
11114566,302
23356778,302
13336678,302
23346779,302
11145689,302
13345789,302
11114569,302
11125689,302
23334667,302
13555678,302
12244679,302
22345567,302
12344789,302
14556677,302
22335668,302
11113467,302
14445667,302
33456778,302
23335678,302
12556677,302
33345678,302
11112569,302
12244667,302
14556779,302
12556779,302
23455567,302
23444778,301
11112245,301
22344458,301
12255778,301
12244479,301
11235555,301
11233389,301
12245559,301
23335556,301
11333489,301
22333556,301
11344448,301
33345556,301
11144589,301
24455779,301
11113336,301
24445578,301
22333478,301
14555778,301
11112558,301
13333447,301
12555778,301
11135589,301
23355579,301
11133789,301
11333378,301
11345555,301
11112477,301
13344445,301
23335779,301
11222345,301
11113559,301
34445579,301
11114558,301
34455578,301
22335579,301
11113577,301
33345779,301
11114459,301
22334778,301
13555779,301
33455579,301
11244447,301
11113379,301
12466778,300
23346679,300
23446678,300
14556679,300
33456678,300
13466779,300
22345669,300
13345689,300
13566778,300
33344555,300
12556679,300
23456779,300
12335689,300
23456677,300
12366779,300
23356678,300
12344689,300
11244446,299
23335567,299
11135789,299
11113366,299
22335566,299
24445568,299
13344589,299
14455567,299
33444567,299
22333468,299
12333358,299
34455568,299
23355566,299
12444677,299
11114578,299
11244789,299
12333349,299
33455569,299
33345567,299
11112578,299
33455677,299
33455566,299
11113579,299
11124789,299
23355569,299
12244469,299
11133689,299
34445566,299
22334467,299
11555678,299
11333368,299
33344668,299
12244466,299
34445569,299
11113369,299
22345778,299
11112479,299
13333446,299
13333458,299
23355677,299
22335569,299
23444555,298
11113444,298
33344458,298
22344455,298
11555779,298
22334555,298
14445557,298
11124444,298
33445559,298
22333448,298
11133338,298
23456679,298
23334449,298
22334447,298
11112233,298
12245677,297
11266779,297
11466779,297
11566778,297
12244678,297
11244689,297
11112568,297
33345669,297
23334678,297
23335669,297
12255668,297
11135689,297
13556779,297
11112469,297
12556778,297
23444668,297
14456677,297
11124689,297
14456779,297
14555668,297
12444679,297
14556778,297
12444667,297
23346778,297
24455669,297
23355667,297
22334668,297
23355679,297
34455678,297
12345589,297
12334789,297
14445678,297
12555668,297
11113569,297
11114568,297
13556677,297
13555669,297
33455667,297
33455679,297
11113566,297
11112466,297
22344567,297
11112377,296
23355578,296
12244478,296
22333459,296
22344457,296
11112557,296
34445578,296
22335578,296
13555778,296
14445779,296
34455779,296
11112449,296
12235559,296
23335778,296
11113378,296
11113477,296
11114557,296
11122677,296
11113558,296
13333455,296
22334446,296
23334779,296
11333359,296
24455778,296
33455578,296
11335589,296
11114458,296
11344447,296
14445556,296
11124489,296
33345778,296
22345577,296
12333355,296
12244779,296
12245558,296
12334444,296
23455577,296
11112235,296
14556678,295
13466778,295
12245679,295
33344455,295
12366778,295
12334689,295
13556679,295
12556678,295
23346678,295
22345668,295
12345789,295
12245667,295
23456778,295
14456679,295
11344789,294
13444677,294
11112379,294
11113368,294
11245589,294
12233677,294
11123789,294
11122667,294
11113578,294
23355568,294
12333357,294
11555669,294
14445567,294
12233367,294
11556677,294
11113479,294
11134789,294
11556779,294
33344567,294
11122679,294
23455579,294
12244468,294
22344456,294
13333457,294
33445677,294
34445568,294
12333348,294
11112556,294
33455568,294
11344446,294
11112478,294
12344445,294
23344467,294
22335568,294
11114556,294
11335789,294
22345579,294
12334489,294
11113335,293
11114455,293
22334477,293
33345577,293
22333447,293
33344457,293
23456678,293
11134444,293
23334448,293
11555778,293
13335559,293
11133337,293
23335577,293
12345689,293
33445558,293
11225559,293
33444559,293
14455577,293
33444577,293
12446677,292
11344689,292
14456778,292
33345668,292
12233679,292
11134689,292
12333356,292
33445679,292
12446779,292
11335689,292
11113568,292
11556679,292
12233667,292
11245789,292
11112366,292
12344589,292
34455669,292
11366779,292
23455566,292
13555668,292
14445669,292
13444667,292
23444567,292
23455569,292
11112468,292
13333456,292
11123689,292
12244669,292
13556778,292
23334669,292
11466778,292
12235677,292
23355678,292
33445667,292
11113469,292
11266778,292
12444678,292
11113466,292
33455678,292
22334567,292
23335668,292
24455668,292
23455677,292
22345566,292
22345569,292
13444679,292
11112369,292
11113359,291
13333445,291
11114457,291
23334778,291
14455579,291
33444579,291
11333349,291
12444779,291
12235558,291
14445778,291
22344577,291
11444677,291
22333446,291
11113449,291
11244445,291
11112448,291
11333358,291
11155567,291
23335579,291
23355779,291
12245557,291
34455778,291
12244459,291
22333458,291
12244778,291
11233339,291
33455779,291
11113557,291
11112234,291
22334479,291
22344559,291
11134489,291
33345579,291
11133589,291
23445559,291
33344456,291
11133336,291
12245678,290
23455667,290
23455679,290
13556678,290
12235679,290
12235667,290
14456678,290
11245689,290
12446679,290
23335566,289
33444569,289
33444566,289
33345569,289
23334467,289
23335569,289
11122678,289
11225677,289
22345578,289
11112378,289
33345566,289
13335677,289
22334469,289
13355567,289
11555668,289
11113556,289
11444667,289
12333347,289
11124589,289
12245779,289
11345589,289
11113478,289
11233789,289
23455578,289
11112459,289
11244589,289
14455677,289
12245556,289
11156677,289
11156779,289
22334466,289
22344579,289
11114456,289
11444679,289
23344677,289
14455569,289
14455566,289
11235589,289
11556778,289
11334789,289
33344559,288
22333455,288
23334555,288
33445557,288
12244555,288
14445577,288
11333355,288
11112333,288
11334444,288
11122779,288
33344577,288
23334447,288
13335558,288
22334445,288
12233377,288
11225558,288
33444558,288
11113334,288
23344477,288
23344667,287
23445677,287
23334668,287
13444678,287
13446779,287
13356677,287
22345568,287
33445678,287
33455669,287
12333346,287
11113468,287
13446677,287
13356779,287
23344679,287
12244668,287
12446778,287
11233689,287
22344566,287
14455679,287
11345789,287
11334689,287
12233678,287
11556678,287
12444669,287
12234677,287
11366778,287
12245567,287
23355669,287
11156679,287
34455668,287
22344569,287
12334589,287
11235789,287
14455667,287
12455567,287
11112368,287
23455568,287
11225679,287
14445668,287
13335679,287
11225667,287
13335667,287
23344479,286
22334577,286
11113448,286
22333457,286
12235557,286
23355778,286
11112447,286
14455578,286
23335578,286
33345578,286
23444559,286
23444577,286
12244458,286
33445556,286
11113358,286
22344558,286
23445558,286
23345559,286
12444778,286
22334559,286
11334489,286
11123389,286
33444578,286
13444779,286
12233379,286
33344579,286
11344445,286
22334478,286
23334446,286
11112339,286
14445579,286
11113349,286
33445779,286
12233779,286
11133489,286
33455778,286
11233338,286
11333357,286
11333348,286
12333344,286
23455678,285
23445667,285
23445679,285
11235689,285
12456677,285
12234679,285
12446678,285
11155577,285
12245669,285
12235678,285
13446679,285
13356679,285
12234667,285
12456779,285
11345689,285
11134589,284
11126677,284
11344589,284
11112446,284
12233369,284
12233366,284
22334468,284
23344469,284
14455568,284
11123589,284
33344566,284
33344569,284
11333356,284
22334579,284
11146677,284
22344578,284
11446677,284
11446779,284
11224677,284
12245778,284
12333677,284
11444678,284
23455779,284
11146779,284
23444579,284
23344466,284
11156778,284
12235779,284
12235556,284
11112359,284
33444568,284
11126779,284
11122669,284
33345568,284
14445569,284
13334677,284
14445566,284
23335568,284
33445567,284
22333456,284
11112458,284
11113459,284
11155579,283
12444555,283
11133335,283
12244455,283
22333445,283
12456679,283
13355577,283
11225557,283
13335557,283
23334477,283
11444779,283
33344558,283
11113355,283
11122778,283
33444557,283
12235567,282
12355567,282
11225678,282
11156678,282
13356778,282
23444566,282
12336779,282
23444569,282
11224667,282
12336677,282
33455668,282
12244567,282
13444669,282
11234789,282
22344568,282
23344678,282
12333679,282
23355668,282
11446679,282
13455567,282
11224679,282
12333667,282
13446778,282
13334679,282
11126679,282
13334667,282
14455678,282
13335678,282
12233669,282
23334567,282
12444668,282
22334566,282
23345677,282
22334569,282
13346677,282
13346779,282
33445669,282
11146679,282
14455779,281
12455577,281
12245577,281
13335779,281
12233378,281
23334479,281
14445578,281
33444556,281
11113447,281
22334459,281
11234444,281
11113348,281
11113357,281
13335556,281
11225779,281
11233337,281
11225556,281
23345558,281
23344478,281
13444778,281
11155566,281
11155569,281
13355579,281
11155677,281
22334558,281
23444558,281
33445778,281
11333347,281
33344578,281
12234449,281
12233778,281
12244457,281
23344779,281
22344557,281
23445557,281
11112455,281
11112338,281
11122555,280
11234689,280
12456778,280
12245668,280
13456677,280
13346679,280
13446678,280
23445678,280
12235669,280
12336679,280
23345679,280
23455669,280
23345667,280
13456779,280
12356677,280
12356779,280
12234678,280
13356678,280
11225567,279
11112349,279
11333346,279
13335567,279
11146778,279
11122668,279
12233368,279
23444578,279
13355566,279
13355569,279
13355677,279
11155679,279
11234489,279
11112358,279
11113356,279
22334578,279
22344556,279
23334466,279
14445568,279
23334469,279
11113446,279
11113458,279
11223677,279
23344468,279
11233589,279
11112457,279
11334589,279
23445556,279
11155667,279
11255567,279
12333345,279
11123489,279
11136677,279
12245579,279
11126778,279
11444669,279
11455567,279
12235778,279
11446778,279
12244456,279
23445779,279
23455778,279
11136779,279
12455579,279
12234779,279
33344568,279
11233336,279
11333344,278
11444778,278
11123333,278
13444555,278
11155578,278
13334449,278
11224449,278
33344557,278
12233555,278
12456678,278
23334445,278
11133334,278
33445577,278
12356679,278
13456679,278
22334568,277
11126678,277
13355679,277
12455569,277
12333678,277
11223667,277
11136679,277
12455566,277
11446678,277
14455669,277
11223679,277
13444668,277
12444567,277
23344669,277
13355667,277
33445668,277
11112456,277
12336778,277
12245569,277
11146678,277
12245566,277
11225669,277
13346778,277
12233668,277
13334678,277
13335669,277
23444568,277
11456677,277
11224678,277
11256677,277
12455677,277
11456779,277
11256779,277
23445567,277
13355578,276
23334559,276
23334577,276
12234448,276
33344556,276
23334478,276
12244577,276
23444557,276
14455778,276
12333779,276
33445579,276
22334557,276
11144467,276
22334458,276
11113455,276
11225778,276
11112337,276
11112445,276
11112355,276
12233359,276
11333677,276
12235577,276
11155568,276
23345557,276
12445559,276
23344778,276
13335778,276
12355577,276
11113347,276
12244559,276
11224779,276
13455577,276
13334779,276
23344459,276
12356778,275
12455679,275
13456778,275
11256679,275
12346677,275
12234669,275
12346779,275
13346678,275
12455667,275
12336678,275
12235668,275
23455668,275
23445669,275
11456679,275
23345678,275
11444555,275
13455579,274
11113457,274
12234778,274
11112336,274
23444556,274
23345779,274
11122567,274
23345556,274
12244579,274
11155678,274
11113346,274
11112357,274
13344467,274
11112348,274
12355579,274
11355567,274
11333667,274
11233489,274
11333679,274
23334579,274
13355568,274
23445778,274
11136778,274
12245578,274
23334468,274
11444668,274
11336677,274
12235579,274
33445569,274
22334556,274
11336779,274
12455578,274
33445566,274
12356678,273
12346679,273
13335577,273
22334455,273
11113344,273
11224448,273
11155779,273
11455577,273
13456678,273
13334448,273
23344555,273
11255577,273
11225577,273
12235566,272
12244566,272
11225668,272
11246779,272
12355566,272
11136678,272
12355569,272
11234589,272
12234467,272
11356677,272
12455568,272
12355677,272
13335668,272
11224669,272
11456778,272
12445677,272
11256778,272
12235569,272
11246677,272
11356779,272
12244569,272
13334669,272
14455668,272
23345567,272
12233567,272
11112356,272
12333669,272
13455569,272
23334566,272
13455566,272
23334569,272
13455677,272
13355678,272
11336679,272
13444567,272
11113456,272
23344668,272
12245568,272
11223678,272
13334778,271
23334459,271
12333778,271
11224778,271
12444559,271
23344458,271
11333345,271
13445559,271
11144677,271
33445578,271
12234555,271
12234447,271
12444577,271
12233349,271
12244558,271
13335579,271
13355779,271
22334457,271
23445577,271
12233358,271
11225579,271
11113445,271
11223779,271
11233335,271
11455579,271
23334558,271
11255579,271
12445558,271
12445679,270
12234668,270
13455667,270
23445668,270
11246679,270
11256678,270
13455679,270
11456678,270
12455678,270
11356679,270
12445667,270
11144477,270
23345669,270
12355679,270
12346778,270
12355667,270
11144679,269
11455566,269
23445579,269
12235578,269
11255677,269
13335569,269
11155669,269
12444579,269
11336778,269
13334467,269
11255569,269
11112347,269
11455677,269
11255566,269
12355578,269
11455569,269
13335566,269
13455578,269
11144667,269
12234446,269
23345778,269
22334456,269
11225569,269
11122467,269
12244578,269
11224467,269
13344677,269
11225566,269
33445568,269
11444567,269
11333678,269
12455779,269
23334578,269
23344455,268
11333779,268
11445559,268
11355577,268
12333555,268
11155778,268
11122559,268
12346678,268
13344477,268
11224555,268
11125559,268
12233355,268
11224447,268
13334447,268
11145559,268
11144479,268
13334555,268
11122577,268
23334568,267
12444566,267
12444569,267
11336678,267
12233467,267
12235568,267
12333668,267
13344679,267
13334668,267
12344467,267
13445677,267
11356778,267
12355568,267
23344567,267
11112346,267
13455568,267
11255679,267
13355669,267
11455679,267
13344667,267
11255667,267
11223669,267
12244568,267
11236677,267
23445566,267
11455667,267
11346677,267
11246778,267
11346779,267
11236779,267
23445569,267
11224668,267
11144466,266
11223778,266
12444558,266
12244557,266
11144469,266
11233334,266
11225578,266
12335559,266
11224446,266
13335578,266
13355778,266
12233357,266
11255578,266
11112344,266
23345577,266
23344457,266
23334557,266
23334458,266
12234477,266
11113345,266
12233559,266
13445558,266
13444577,266
13444559,266
12233577,266
13345559,266
13344479,266
13334446,266
11122579,266
11455578,266
12445557,266
11112335,266
12233348,266
11355579,266
11346679,265
23345668,265
11122444,265
11356678,265
13445667,265
13445679,265
13455678,265
11246678,265
12445678,265
12355678,265
12234567,265
11236679,265
12455669,265
23334556,264
23345579,264
13344469,264
11455568,264
23445578,264
11333669,264
12445556,264
11155668,264
11355677,264
12233356,264
13444579,264
11225568,264
11355566,264
13344466,264
11355569,264
23344456,264
13455779,264
12444578,264
12233579,264
11122367,264
11244467,264
12445779,264
11125677,264
12244556,264
12455778,264
11255568,264
13335568,264
11122569,264
11122566,264
12234479,264
11144678,264
11145677,264
11445677,264
12355779,264
11135559,263
11224477,263
11223555,263
11122558,263
12233444,263
11144779,263
11333778,263
13334477,263
11444577,263
11145558,263
11445558,263
11144478,263
11122477,263
11125558,263
11444559,263
23334455,263
11223339,263
11223668,262
11236778,262
23445568,262
11346778,262
11125667,262
11255678,262
11455678,262
12445567,262
11224567,262
13344678,262
11125679,262
12333567,262
11355667,262
13334567,262
13355668,262
13345677,262
23345569,262
23345566,262
11145667,262
13444566,262
13444569,262
11445667,262
12344677,262
12234466,262
12233566,262
12335677,262
11445679,262
12234469,262
12233569,262
11145679,262
11355679,262
12444568,262
11133677,261
13344478,261
11133367,261
13444558,261
12444557,261
11112334,261
13344779,261
11224479,261
13345558,261
13334479,261
23344577,261
23344559,261
11122578,261
23334457,261
12335558,261
13445557,261
11122479,261
11144468,261
12344477,261
11255779,261
12234445,261
11444579,261
12233347,261
12233477,261
11355578,261
11455779,261
12233558,261
13445678,260
13345679,260
12355669,260
12445669,260
11346678,260
13455669,260
11333555,260
12455668,260
11236678,260
12335679,260
12344679,260
13345667,260
12335667,260
12344667,260
11133667,259
11122568,259
12234478,259
12444556,259
23345578,259
13334469,259
12233346,259
11133679,259
11224466,259
11355568,259
11224469,259
13445779,259
11144669,259
12234559,259
13444578,259
11122469,259
13445556,259
11124677,259
12355778,259
11444566,259
12445778,259
13455778,259
12344479,259
12233578,259
12345559,259
11333668,259
23344579,259
23334456,259
13344468,259
11344467,259
11444569,259
11122466,259
12234577,259
11135677,259
11244677,259
11223367,259
12233479,259
11112345,259
13334466,259
11224445,258
13334445,258
11125557,258
11122557,258
11144778,258
11223338,258
11145557,258
11445557,258
11122449,258
11122377,258
11244477,258
11144459,258
11135558,258
11335559,258
12233344,258
11444558,258
13344669,257
11124679,257
11125678,257
12233466,257
11244667,257
12234579,257
12344466,257
11124667,257
11145678,257
12233568,257
11255669,257
23345568,257
11445678,257
11135667,257
11244679,257
12333467,257
11135679,257
12233469,257
12234468,257
11223567,257
13444568,257
11455669,257
12334677,257
13445567,257
11355678,257
23344566,257
12344469,257
23344569,257
12233449,256
12233557,256
11244479,256
11445779,256
13334478,256
13334559,256
11445556,256
13344459,256
11224577,256
12333559,256
12335557,256
11224478,256
11355779,256
13345557,256
11125556,256
13334577,256
11224559,256
11145779,256
11122379,256
12333577,256
11125779,256
11145556,256
12445577,256
13344778,256
23344558,256
11455778,256
13444557,256
11245559,256
11255778,256
11122556,256
11444578,256
11122478,256
12334679,255
13455668,255
12334667,255
13345678,255
12345677,255
12344678,255
12335678,255
11144555,255
12355668,255
13445669,255
12445668,255
12234569,255
12234566,255
11133377,255
11144668,254
11122369,254
11244466,254
12234459,254
11122366,254
12333579,254
12345558,254
11133678,254
12344779,254
11224579,254
11445567,254
13334579,254
11125567,254
12445579,254
11224468,254
12335556,254
11122468,254
13345556,254
13445778,254
12344478,254
11134677,254
11244469,254
12335779,254
12233556,254
11444568,254
12233478,254
13345779,254
11335677,254
13444556,254
13334468,254
11333567,254
11344677,254
11123677,254
12234558,254
23344578,254
11145567,254
11133779,253
11122448,253
11335558,253
11223377,253
11133379,253
12333444,253
11223337,253
12345667,253
11124449,253
11344477,253
13344555,253
12345679,253
11144458,253
11135557,253
11444557,253
12344468,252
11134679,252
12233468,252
11124678,252
11445669,252
11245677,252
11344667,252
11125669,252
11335667,252
11244678,252
11135678,252
12445569,252
11145669,252
11335679,252
12335567,252
12445566,252
11134667,252
12333569,252
12234578,252
11455668,252
13334566,252
11123679,252
11223467,252
13345567,252
13344668,252
11255668,252
11224569,252
11355669,252
13334569,252
11224566,252
11123667,252
11344679,252
23344568,252
12333566,252
11444556,251
11125778,251
11244478,251
13344458,251
11345559,251
12334449,251
11445778,251
11245558,251
11223379,251
11244779,251
11344479,251
12333477,251
11135779,251
11145778,251
12233448,251
11122378,251
11135556,251
11224558,251
11355778,251
13445577,251
11224459,251
11223577,251
11223559,251
13334558,251
11124779,251
12233345,251
11122459,251
11235559,251
11133369,251
12333558,251
11133366,251
11223336,251
23344557,251
13334459,251
11122333,250
12234568,250
11144455,250
13445668,250
13345669,250
12334678,250
11245679,250
12344669,250
12335669,250
11245667,250
11144567,249
12233459,249
11344466,249
13445579,249
12234557,249
11133669,249
11344469,249
12333578,249
11233367,249
11244468,249
11122368,249
23344556,249
12344778,249
11135567,249
12345557,249
11224578,249
11334677,249
11223579,249
11333467,249
13334578,249
12335778,249
11223366,249
12234458,249
11223369,249
12333479,249
12344459,249
12445578,249
13345778,249
12334779,249
11233677,249
11445577,248
11122339,248
11335557,248
11125577,248
11144457,248
11333559,248
11145577,248
11124448,248
11333577,248
11134449,248
11223444,248
12345678,248
13344455,248
11133378,248
11133778,248
11122447,248
11135669,247
12333466,247
11445668,247
12445568,247
11134678,247
11235677,247
11334667,247
11224568,247
11334679,247
12333568,247
12333469,247
11124669,247
11223566,247
11145668,247
13334568,247
12345556,247
11123678,247
13344567,247
11233679,247
11125668,247
11345677,247
12345779,247
11244669,247
11223569,247
12234556,247
11335678,247
11233667,247
11355668,247
11344678,247
13445566,247
13445569,247
11224557,246
11345558,246
11344779,246
12333449,246
11123779,246
11124778,246
11335556,246
11125579,246
11122359,246
11333579,246
12234455,246
12335577,246
11134779,246
13334557,246
13345577,246
12344555,246
11445579,246
12334448,246
11135778,246
11245557,246
12333557,246
11224458,246
11335779,246
11223558,246
11144456,246
11145579,246
11235558,246
11244459,246
11122446,246
11133368,246
12233447,246
13334458,246
11223378,246
11122458,246
13344457,246
11244778,246
11344478,246
11223477,246
11245678,245
11133555,245
13345668,245
11333444,245
11345667,245
12345567,245
11235679,245
11235667,245
12334669,245
11345679,245
12335668,245
12344668,245
11333566,244
12335579,244
11125566,244
12333478,244
12333556,244
11224556,244
11333569,244
13445578,244
12234457,244
13344456,244
11125569,244
11223578,244
11223368,244
11145566,244
11145569,244
13345579,244
11133668,244
11223479,244
11344468,244
12233458,244
11245556,244
12344458,244
11124467,244
12233446,244
13334556,244
11445566,244
11245779,244
11335567,244
12334778,244
11445569,244
11124555,243
11223335,243
11135577,243
11144577,243
11333558,243
11144559,243
11233377,243
11334449,243
11124447,243
11134448,243
11333477,243
13334455,243
11122338,243
12345669,243
11122455,243
11133359,243
11244555,243
11224455,243
11223568,242
11245567,242
11123669,242
12345778,242
11233678,242
13345569,242
12333468,242
12334467,242
11234677,242
12335566,242
11335669,242
11223466,242
11124668,242
13345566,242
11135668,242
11134669,242
11223469,242
12335569,242
12234456,242
13445568,242
11334678,242
11344669,242
11244668,242
11344459,241
11223449,241
11345557,241
11134778,241
11233779,241
11223359,241
11445578,241
11333479,241
11125578,241
11123778,241
12334555,241
13334457,241
11235557,241
11122349,241
11124446,241
11244458,241
11233379,241
11333578,241
11122457,241
12333448,241
11344778,241
11135579,241
11224457,241
11144579,241
11334779,241
11223557,241
11335778,241
11122358,241
13344577,241
13344559,241
12344455,241
12334447,241
12233455,241
11145578,241
12334668,240
12344567,240
11235678,240
11345678,240
11234679,240
11245669,240
11234667,240
12334446,239
11333568,239
11245778,239
13344579,239
12344457,239
13345578,239
12335578,239
12233457,239
11235779,239
11223556,239
11345779,239
11144569,239
11144566,239
11133567,239
11122456,239
12333459,239
11235556,239
11233369,239
11233366,239
11134467,239
11135569,239
11135566,239
11445568,239
11145568,239
11224456,239
11125568,239
11333469,239
11223478,239
12345577,239
13334456,239
11333466,239
11345556,239
11134447,238
11333449,238
11133358,238
11123339,238
11122355,238
11134555,238
11333557,238
11122337,238
11335577,238
11122445,238
11244455,238
12345668,238
11344555,238
11144558,238
11124477,238
11133349,238
11223334,238
11334448,238
11123555,238
13344569,237
11123668,237
11345567,237
13344566,237
11233669,237
11223468,237
11134668,237
11334669,237
12345579,237
11344668,237
11244567,237
11235567,237
11124567,237
13345568,237
12344456,237
11335668,237
12335568,237
12233456,237
11223358,236
11334778,236
11333478,236
11344458,236
11134446,236
11223349,236
11244457,236
11223448,236
12333447,236
11122357,236
11333556,236
11245577,236
11122348,236
11135578,236
13344558,236
12233445,236
11234449,236
12334477,236
11335579,236
11233378,236
11122336,236
11233778,236
11144578,236
11124479,236
12345569,235
12345566,235
11235669,235
12334567,235
11345669,235
11234678,235
11245668,235
11133355,235
11334467,234
11133467,234
12333458,234
11345778,234
11223459,234
11144568,234
11234779,234
11235778,234
12333446,234
11233368,234
11244456,234
11124469,234
12344559,234
11122356,234
12344577,234
11245579,234
13344578,234
11335569,234
11135568,234
11123367,234
11333468,234
11124466,234
12334479,234
11335566,234
11233555,233
11223355,233
11133559,233
11144557,233
11133577,233
11334555,233
11334447,233
11333448,233
11133357,233
11134477,233
11123338,233
11124445,233
11344455,233
11133348,233
11134567,232
11334668,232
11245569,232
12345578,232
12334469,232
11245566,232
11344567,232
12344579,232
13344568,232
11123567,232
12334466,232
11233668,232
11244577,231
11244559,231
11134479,231
12333455,231
11122347,231
11233359,231
11133579,231
12334445,231
11234448,231
11124577,231
11144556,231
11223348,231
11345577,231
11333459,231
11223357,231
11223447,231
11344457,231
11124559,231
11133356,231
11335578,231
11334446,231
11235577,231
11124478,231
13344557,231
11345668,230
12344566,230
12344569,230
12345568,230
11234669,230
11133444,230
11235668,230
13344556,229
11345579,229
11335568,229
11344456,229
12344558,229
12334559,229
11134469,229
12334577,229
11223356,229
11223446,229
11133569,229
11133566,229
11223458,229
11235579,229
11234778,229
11134466,229
12333457,229
11124468,229
11122346,229
12334478,229
11124579,229
11244579,229
11245578,229
11133477,228
11123377,228
11133347,228
11133558,228
11334477,228
11122335,228
11123337,228
11134445,228
11122344,228
11333447,228
11234467,227
11244569,227
11235566,227
11235569,227
11244566,227
12344578,227
11124569,227
11245568,227
11123467,227
11345569,227
11124566,227
11233567,227
12333456,227
12334579,227
11334567,227
12334468,227
11345566,227
11133346,226
11134559,226
11134478,226
11123336,226
11133578,226
11134577,226
11333446,226
11124459,226
12333445,226
11233349,226
11123577,226
11334479,226
11223455,226
11223347,226
11123559,226
11233358,226
11244558,226
11333458,226
11133479,226
11123379,226
11234555,226
11344559,226
11344577,226
11234447,226
11124558,226
11133344,225
12334569,225
12334566,225
11234668,225
12344568,225
11223457,224
11223346,224
11345578,224
11133466,224
11133469,224
12334459,224
12334558,224
11134468,224
11134579,224
11234446,224
12344557,224
11133568,224
11344579,224
11334466,224
11235578,224
11334469,224
11244578,224
11123366,224
11123369,224
11123579,224
11124578,224
11133449,223
11133557,223
11233355,223
11333455,223
11223344,223
11123444,223
11334445,223
11122334,223
11124568,222
11233467,222
11123569,222
11134569,222
11344566,222
11134566,222
11223456,222
11235568,222
11345568,222
11123566,222
11244568,222
12344556,222
11344569,222
12334578,222
11233348,221
11123558,221
11233357,221
11334559,221
11333457,221
11134558,221
11244557,221
11223445,221
11234477,221
11233577,221
11124458,221
11134459,221
11133478,221
11334478,221
11233559,221
11123477,221
11123378,221
11133556,221
11122345,221
11344558,221
11124557,221
11334577,221
12334568,220
11234567,220
11234479,219
12334458,219
11244556,219
12334557,219
11123368,219
11344578,219
11123479,219
11334468,219
11123578,219
11333456,219
11334579,219
11134578,219
11233579,219
11233356,219
11133468,219
11124556,219
11133345,218
11333445,218
11133448,218
11233444,218
11123335,218
11124455,218
11334569,217
11234466,217
11123466,217
11334566,217
11344568,217
11234469,217
11123568,217
12334556,217
11123469,217
11233566,217
11233569,217
11134568,217
11233347,216
11123359,216
11233477,216
12334455,216
11234445,216
11123449,216
11334459,216
11233558,216
11223345,216
11334558,216
11123557,216
11344557,216
11134557,216
11134458,216
11133459,216
11124457,216
11233479,214
11134556,214
11123478,214
11334578,214
11234577,214
12334457,214
11233346,214
11234478,214
11123556,214
11233578,214
11234559,214
11344556,214
11124456,214
11233344,213
11123334,213
11134455,213
11133447,213
11233568,212
11234579,212
12334456,212
11123468,212
11233469,212
11234468,212
11334568,212
11233466,212
11134457,211
11334557,211
11233449,211
11123448,211
11233557,211
11133446,211
11334458,211
11133458,211
11123349,211
11123358,211
11234566,210
11234569,210
11234558,209
11334556,209
11233556,209
11134456,209
11233478,209
11123459,209
11234459,209
11133455,208
11123355,208
11334455,208
11233468,207
11234578,207
11233448,206
11233345,206
11334457,206
11123348,206
11123447,206
11123357,206
11133457,206
11234568,205
11334456,204
11123446,204
11233459,204
11234557,204
11133456,204
11123356,204
11234458,204
11123458,204
11133445,203
11234556,202
11233447,201
11123347,201
11234455,201
11123455,201
11233446,199
11233458,199
11123346,199
11234457,199
11123457,199
11123344,198
11234456,197
11123456,197
11233455,196
11123445,196
11233457,194
11233456,192
11233445,191
11123345,191
